Domain,Status,Attractiveness,Demand,Length,Sectors,Created,Expires,Registrar
brief.photography,available,124,19%,5,"Business,Education,General,Law",,,
complete.photography,available,120,21%,8,"Manufacturing,Retail,Technology",,,
wizard.photography,available,118,42%,6,"Entertainment,Media,Technology",,,
equal.photography,available,116,19%,5,"Education,General,Law",,,
tenth.photography,available,116,7%,5,Mathematics,,,
acute.photography,available,112,9%,5,"Mathematics,Medicine,Science",,,
abstract.photography,resell,108,29%,8,"Arts,Humanities,Science",12/02/2014 16:00,12/02/2026 16:00,"GoDaddy.com, LLC"
abiding.photography,available,106,5%,7,"General,Religion",,,
expert.photography,available,104,26%,6,"Business,Education,Technology",,,
teen.photography,available,104,14%,4,"Education,Entertainment,Healthcare",,,
active.photography,available,104,27%,6,"Health and Fitness,Sports,Travel",,,
absent.photography,available,102,8%,6,"Business,Education,Technology",,,
eight.photography,available,102,23%,5,"General,Mathematics",,,
adjunct.photography,available,100,5%,7,Education,,,
sixth.photography,available,100,8%,5,Mathematics,,,
eighth.photography,available,100,6%,6,Mathematics,,,
crack.photography,available,100,20%,5,Sports,,,
ninth.photography,available,100,9%,5,Mathematics,,,
third.photography,available,100,15%,5,Mathematics,,,
abrupt.photography,available,100,3%,6,"Medicine,Science",,,
whiz.photography,available,100,12%,4,"Business,Education,Technology",,,
remove.photography,available,100,13%,6,"Construction,Manufacturing,Technology",,,
whizz.photography,available,98,11%,5,"Business,Education,Technology",,,
forgiving.photography,available,96,3%,9,"Healthcare,Religion",,,
alamode.photography,available,96,12%,9,Fashion,,,
doable.photography,available,96,9%,6,"Business,Education,Technology",,,
adequate.photography,available,94,9%,8,"Education,Healthcare,Technology",,,
abject.photography,available,94,7%,6,Humanities,,,
around.photography,available,94,22%,6,"Business,General,Media,Technology",,,
virtuoso.photography,available,94,16%,8,"Arts,Entertainment",,,
exemplary.photography,available,92,5%,9,"Business,Education,Healthcare",,,
abroad.photography,available,92,12%,6,"Hospitality,Travel",,,
derelict.photography,available,92,7%,8,"Construction,Real Estate",,,
twentieth.photography,available,92,3%,9,Mathematics,,,
adept.photography,available,92,24%,5,"Education,Health and Fitness,Sports",,,
next.photography,available,92,43%,4,"Retail,Technology,Transportation",,,
adjective.photography,available,92,5%,9,Education,,,
nought.photography,available,92,4%,6,Mathematics,,,
gripping.photography,available,90,3%,8,"Entertainment,Media,Technology",,,
adoring.photography,available,90,2%,7,"Entertainment,Fashion,Retail",,,
addictive.photography,available,90,9%,9,Healthcare,,,
additional.photography,available,90,8%,10,"Fashion,Retail,Technology",,,
abortive.photography,available,90,1%,8,"Medicine,Science",,,
leash.photography,available,90,7%,5,"General,Health and Fitness,Retail",,,
endearing.photography,available,90,1%,9,"Entertainment,Fashion,Retail",,,
adlib.photography,available,88,7%,6,Entertainment,,,
proficient.photography,available,88,8%,10,"Education,Health and Fitness,Sports",,,
sixteen.photography,available,88,10%,7,Mathematics,,,
wide.photography,available,88,18%,4,"Business,Media,Technology",,,
ten.photography,available,88,27%,3,"General,Mathematics",,,
activist.photography,available,88,12%,8,"Humanities,Politics",,,
actionable.photography,available,88,13%,10,"Business,Law",,,
fifteen.photography,available,88,13%,7,Mathematics,,,
hundred.photography,available,88,13%,7,Mathematics,,,
extempore.photography,available,86,3%,9,Entertainment,,,
engrossing.photography,available,86,0%,10,"Entertainment,Media,Technology",,,
xiv.photography,available,86,12%,3,Mathematics,,,
xix.photography,available,86,10%,3,Mathematics,,,
cipher.photography,available,86,29%,6,Mathematics,,,
intent.photography,available,86,25%,6,"Business,Education,Technology",,,
recondite.photography,available,86,4%,9,"Arts,Humanities,Science",,,
attendant.photography,available,86,5%,9,"Healthcare,Hospitality,Transportation",,,
adolescent.photography,available,86,3%,10,"Education,Entertainment,Healthcare",,,
accessory.photography,available,84,8%,9,"Fashion,Retail,Technology",,,
twentyone.photography,available,84,13%,10,Mathematics,,,
thirteen.photography,available,84,10%,8,Mathematics,,,
adjustable.photography,available,84,3%,10,"Manufacturing,Retail,Technology",,,
fourteen.photography,available,84,8%,8,Mathematics,,,
acting.photography,available,84,12%,6,Entertainment,,,
deviate.photography,available,84,12%,7,"Medicine,Science",,,
seventeen.photography,available,84,7%,9,Mathematics,,,
twentytwo.photography,available,84,10%,10,Mathematics,,,
nineteen.photography,available,84,8%,8,Mathematics,,,
grand.photography,available,84,25%,5,"Finance,General",,,
thousand.photography,available,84,8%,8,Mathematics,,,
abenaki.photography,available,82,2%,7,Geography,,,
altered.photography,available,82,9%,7,"Medicine,Science",,,
fivesome.photography,available,82,1%,8,Sports,,,
impromptu.photography,available,82,16%,9,Entertainment,,,
decade.photography,available,82,10%,6,Mathematics,,,
absorbent.photography,available,82,3%,9,"Healthcare,Manufacturing,Retail",,,
dozen.photography,available,82,10%,5,Mathematics,,,
good.photography,expiring,82,47%,4,"Food and Beverage,General,Health and Fitness,Retail",21/08/2017 08:49,21/08/2025 08:49,"GoDaddy.com, LLC"
cleansing.photography,available,82,3%,9,Health and Fitness,,,
abdominal.photography,available,82,1%,9,"Health and Fitness,Medicine",,,
abroach.photography,available,82,1%,7,Food and Beverage,,,
abkhaz.photography,available,82,1%,6,Geography,,,
enduring.photography,available,82,9%,8,"Health and Fitness,Religion",,,
forty.photography,available,80,9%,5,Mathematics,,,
twenty.photography,available,80,12%,6,Mathematics,,,
two.photography,available,80,23%,3,Mathematics,,,
trio.photography,available,80,21%,4,Entertainment,,,
absorbable.photography,available,80,0%,10,"Healthcare,Pharmaceuticals,Science",,,
wiz.photography,available,80,30%,3,"Business,Education,Technology",,,
adoptable.photography,available,80,3%,9,"Education,Healthcare",,,
dorsal.photography,available,80,6%,6,"Medicine,Science",,,
capable.photography,available,80,12%,7,"Business,Education,Technology",,,
sequent.photography,available,80,7%,7,"Healthcare,Insurance,Transportation",,,
yard.photography,available,80,25%,4,"Construction,General",,,
worshipful.photography,available,80,1%,10,"Education,Healthcare,Religion",,,
abundant.photography,available,80,19%,8,"Agriculture,Manufacturing,Retail",,,
absurd.photography,available,80,16%,6,"Arts,Entertainment,Media",,,
seventh.photography,available,80,10%,7,Mathematics,,,
superstar.photography,available,80,18%,9,Entertainment,,,
able.photography,available,80,29%,4,"Business,Education,General,Technology",,,
first.photography,available,80,34%,5,"General,Mathematics",,,
low.photography,available,78,20%,3,"Business,Finance",,,
adjacent.photography,available,78,9%,8,"Construction,Real Estate,Retail",,,
recognized.photography,available,78,3%,10,"Business,Education,Technology",,,
acceptant.photography,available,78,1%,9,"Education,Healthcare",,,
adrenal.photography,available,78,4%,7,"Education,Healthcare,Science",,,
adorable.photography,available,78,8%,8,"Entertainment,Fashion,Retail",,,
sixtynine.photography,available,78,8%,10,Mathematics,,,
acceptable.photography,expiring,78,5%,10,"Business,Hospitality,Retail",31/08/2016 03:32,31/08/2025 03:32,Tucows Domains Inc.
abkhazian.photography,available,78,1%,9,Geography,,,
accepted.photography,available,78,6%,8,"Business,Education,Technology",,,
dormant.photography,available,78,4%,7,"Medicine,Science",,,
abounding.photography,available,78,2%,9,Agriculture,,,
twentysix.photography,available,78,8%,10,Mathematics,,,
recognised.photography,available,78,3%,10,"Business,Education,Technology",,,
abkhasian.photography,available,78,1%,9,Geography,,,
honestly.photography,available,78,9%,8,"Business,Law",,,
absorptive.photography,available,78,1%,10,"Healthcare,Manufacturing,Retail",,,
thirteenth.photography,available,76,3%,10,Mathematics,,,
thousandth.photography,available,76,1%,10,Mathematics,,,
diamond.photography,resell,76,32%,7,Fashion,21/10/2024 19:05,21/10/2025 19:05,"Sav.com, LLC"
abrasive.photography,available,76,6%,8,"Construction,Manufacturing",,,
hundredth.photography,available,76,1%,9,Mathematics,,,
auxiliary.photography,available,76,7%,9,"Healthcare,Manufacturing,Technology",,,
ancillary.photography,available,76,6%,9,"Healthcare,Manufacturing,Technology",,,
resultant.photography,available,76,2%,9,"Healthcare,Insurance,Transportation",,,
adaptable.photography,available,76,9%,9,"Business,Education,Technology",,,
adipose.photography,available,76,2%,7,"Healthcare,Science",,,
ventral.photography,available,76,3%,7,Science,,,
eighteen.photography,available,76,7%,8,Mathematics,,,
nineteenth.photography,available,76,3%,10,Mathematics,,,
obscene.photography,available,76,5%,7,"Entertainment,Media",,,
ague.photography,available,76,2%,4,"Geography,Medicine,Science",,,
fifteenth.photography,available,76,2%,9,Mathematics,,,
fourteenth.photography,available,76,2%,10,Mathematics,,,
firstrate.photography,available,76,6%,10,Business,,,
improvise.photography,available,76,4%,9,Entertainment,,,
adherent.photography,available,76,4%,8,"Politics,Religion",,,
energizing.photography,available,76,3%,10,"Food and Beverage,Health and Fitness,Travel",,,
threed.photography,available,76,7%,7,Technology,,,
addable.photography,available,76,2%,7,"Engineering,Mathematics,Science",,,
adhesive.photography,available,76,7%,8,"Construction,Manufacturing,Technology",,,
broad.photography,available,74,13%,5,"Entertainment,General,Media",,,
adrenergic.photography,available,74,1%,10,"Education,Healthcare,Science",,,
playing.photography,available,74,12%,7,Entertainment,,,
accepting.photography,available,74,3%,9,"Education,Healthcare",,,
adamant.photography,available,74,14%,7,Religion,,,
realizable.photography,available,74,1%,10,"Business,Education,Technology",,,
mavin.photography,available,74,7%,5,"Entertainment,Fashion,Technology",,,
supra.photography,available,74,25%,5,"Medicine,Science",,,
aberrant.photography,available,74,6%,8,"Medicine,Science",,,
acuate.photography,available,74,2%,6,"Engineering,Medicine,Science",,,
sensation.photography,available,74,7%,9,"Entertainment,Media,Sports",,,
cleared.photography,available,74,7%,7,"Healthcare,Law,Transportation",,,
achievable.photography,available,74,4%,10,"Business,Education,Technology",,,
adapted.photography,available,74,6%,7,"Healthcare,Manufacturing,Technology",,,
single.photography,available,74,19%,6,Sports,,,
manageable.photography,available,74,4%,10,"Business,Education,Technology",,,
activated.photography,available,74,9%,9,"Healthcare,Manufacturing,Technology",,,
adenoid.photography,available,74,1%,7,"Health and Fitness,Medicine,Science",,,
admirable.photography,available,74,5%,9,"Business,Education,Healthcare",,,
skilful.photography,available,74,3%,7,"Education,Health and Fitness,Sports",,,
adaptative.photography,available,72,1%,10,"Business,Education,Technology",,,
ablaze.photography,available,72,6%,6,Entertainment,,,
absorbed.photography,available,72,2%,8,"Entertainment,Media,Technology",,,
accustomed.photography,available,72,1%,10,"Business,Education,Humanities",,,
eightieth.photography,available,72,1%,9,Mathematics,,,
trinity.photography,available,72,18%,7,Religion,,,
improvize.photography,available,72,1%,9,Entertainment,,,
absolutist.photography,available,72,1%,10,"Humanities,Law,Politics",,,
ternary.photography,available,72,7%,7,Mathematics,,,
accusative.photography,available,72,0%,10,"Humanities,Law",,,
lovely.photography,available,72,26%,6,"Entertainment,Fashion,Retail",,,
engrossed.photography,available,72,1%,9,"Entertainment,Media,Technology",,,
existent.photography,available,72,3%,8,"Mathematics,Science",,,
adjectival.photography,available,72,1%,10,Education,,,
liv.photography,available,72,28%,3,Mathematics,,,
ninetieth.photography,available,72,1%,9,Mathematics,,,
seventieth.photography,available,72,1%,10,Mathematics,,,
trey.photography,available,72,13%,4,Sports,,,
addicted.photography,available,72,9%,8,Healthcare,,,
adjunctive.photography,available,72,1%,10,"Healthcare,Manufacturing,Technology",,,
sixtieth.photography,available,72,1%,8,Mathematics,,,
adiabatic.photography,available,72,3%,9,"Engineering,Science",,,
adonic.photography,available,72,2%,6,"Arts,Education,Entertainment",,,
aching.photography,available,72,4%,6,Healthcare,,,
abloom.photography,available,72,5%,6,Agriculture,,,
abreast.photography,available,72,2%,7,"Business,Technology",,,
gymnastic.photography,available,70,3%,9,"Entertainment,Sports",,,
abulic.photography,available,70,1%,6,Medicine,,,
lowdown.photography,available,70,6%,8,"Entertainment,Media",,,
tiptop.photography,available,70,24%,6,Fashion,,,
adjusted.photography,available,70,5%,8,"Manufacturing,Retail,Technology",,,
miserable.photography,available,70,4%,9,Humanities,,,
accumbent.photography,available,70,1%,9,"Healthcare,Medicine,Science",,,
absorbing.photography,available,70,3%,9,"Entertainment,Media,Technology",,,
unity.photography,available,70,38%,5,Mathematics,,,
recumbent.photography,available,70,2%,9,"Healthcare,Medicine,Science",,,
consequent.photography,available,70,3%,10,"Business,Education,General,Technology",,,
abradant.photography,available,70,1%,8,"Construction,Manufacturing",,,
stillborn.photography,available,70,2%,9,"Medicine,Science",,,
acuminate.photography,available,70,1%,9,"Engineering,Medicine,Science",,,
admired.photography,available,70,5%,7,"Business,Education,Healthcare",,,
adamantine.photography,available,70,4%,10,Religion,,,
practiced.photography,available,70,3%,9,"Education,Health and Fitness,Sports",,,
adored.photography,available,70,6%,6,"Entertainment,Fashion,Retail",,,
offhand.photography,available,70,2%,7,Entertainment,,,
skillful.photography,available,70,9%,8,"Education,Health and Fitness,Sports",,,
acerate.photography,available,68,1%,7,Science,,,
stygian.photography,available,68,5%,7,Humanities,,,
aroused.photography,available,68,3%,7,"Entertainment,Health and Fitness",,,
octonary.photography,available,68,1%,8,Mathematics,,,
abkhas.photography,available,68,0%,6,Geography,,,
fiftieth.photography,available,68,1%,8,Mathematics,,,
accredited.photography,available,68,9%,10,"Business,Education,Healthcare",,,
sevener.photography,available,68,1%,7,Mathematics,,,
fortieth.photography,available,68,1%,8,Mathematics,,,
ennead.photography,available,68,5%,6,Mathematics,,,
aculeate.photography,available,68,1%,8,"Engineering,Medicine,Science",,,
ablative.photography,available,68,3%,8,Science,,,
achaean.photography,available,68,2%,7,Humanities,,,
licensed.photography,available,68,5%,8,"Business,Healthcare,Insurance",,,
thirtieth.photography,available,68,1%,9,Mathematics,,,
abducent.photography,available,68,0%,8,Medicine,,,
ane.photography,available,68,12%,3,Mathematics,,,
vindicated.photography,available,68,2%,10,"Humanities,Law,Politics",,,
disciple.photography,available,68,14%,8,"Education,Religion",,,
overseas.photography,available,68,12%,8,"Hospitality,Travel",,,
achaian.photography,available,68,2%,7,Humanities,,,
decorated.photography,available,68,3%,9,"Entertainment,Fashion,Retail",,,
aberdonian.photography,available,68,1%,10,Geography,,,
abnaki.photography,available,68,1%,6,Geography,,,
scurvy.photography,available,68,3%,6,Humanities,,,
septenary.photography,available,68,2%,9,Mathematics,,,
licenced.photography,available,68,2%,8,"Business,Healthcare,Insurance",,,
threesome.photography,available,68,5%,9,Entertainment,,,
foursome.photography,available,68,4%,8,Sports,,,
activating.photography,available,68,3%,10,"Healthcare,Manufacturing,Technology",,,
deuce.photography,available,66,8%,5,Sports,,,
tenner.photography,available,66,4%,6,Finance,,,
xxv.photography,available,66,6%,3,Mathematics,,,
onec.photography,available,66,6%,5,Mathematics,,,
acrobatic.photography,available,66,4%,9,"Entertainment,Sports",,,
adopted.photography,available,66,4%,7,"Education,Healthcare",,,
four.photography,available,66,27%,4,Mathematics,,,
xxvi.photography,available,66,3%,4,Mathematics,,,
sextet.photography,available,66,2%,6,Entertainment,,,
six.photography,available,66,26%,3,Mathematics,,,
xviii.photography,available,66,4%,5,Mathematics,,,
accessary.photography,available,66,1%,9,"Business,Law,Technology",,,
xvii.photography,available,66,5%,4,Mathematics,,,
fifty.photography,available,66,13%,5,Mathematics,,,
teenager.photography,available,66,4%,8,"Education,Entertainment,Healthcare",,,
modish.photography,available,66,5%,6,Fashion,,,
abstinent.photography,available,66,1%,9,"Health and Fitness,Religion",,,
performing.photography,available,66,6%,10,Entertainment,,,
exonerated.photography,available,66,2%,10,"Humanities,Law,Politics",,,
xiii.photography,available,66,9%,4,Mathematics,,,
five.photography,available,66,26%,4,Mathematics,,,
thirty.photography,available,66,7%,6,Mathematics,,,
clv.photography,available,66,10%,3,Mathematics,,,
adorned.photography,available,66,5%,7,"Entertainment,Fashion,Retail",,,
according.photography,available,66,3%,9,"Business,Education,Technology",,,
xvi.photography,available,66,4%,3,Mathematics,,,
xxii.photography,available,66,6%,4,Mathematics,,,
maven.photography,available,66,30%,5,"Entertainment,Fashion,Technology",,,
xxi.photography,available,66,10%,3,Mathematics,,,
xii.photography,available,66,10%,3,Mathematics,,,
acappella.photography,available,66,6%,10,Entertainment,,,
buzzing.photography,available,66,7%,7,"Entertainment,Media,Technology",,,
latest.photography,available,66,18%,6,Technology,,,
acervate.photography,available,66,1%,8,Science,,,
eighty.photography,available,66,6%,6,Mathematics,,,
ninety.photography,available,66,11%,6,Mathematics,,,
aflame.photography,available,64,3%,6,Entertainment,,,
deviant.photography,available,64,12%,7,"Medicine,Science",,,
nondrinker.photography,available,64,1%,10,"Health and Fitness,Religion",,,
scatty.photography,available,64,1%,6,"Arts,Entertainment,Media",,,
astringent.photography,available,64,1%,10,"Healthcare,Pharmaceuticals",,,
adagio.photography,available,64,14%,6,Entertainment,,,
rising.photography,available,64,18%,6,"Construction,Manufacturing,Real Estate",,,
absolved.photography,available,64,1%,8,"Humanities,Law,Religion",,,
ccc.photography,available,64,38%,3,Mathematics,,,
accordant.photography,available,64,3%,9,"Arts,Entertainment",,,
acentric.photography,available,64,2%,8,Science,,,
abo.photography,available,62,15%,3,Science,,,
chiliad.photography,available,62,2%,7,Mathematics,,,
accusing.photography,available,62,1%,8,Law,,,
troika.photography,available,62,8%,6,Politics,,,
accrued.photography,available,62,2%,7,"Banking,Finance,Insurance",,,
roughly.photography,available,62,3%,7,"Business,Media,Technology",,,
nail.photography,available,62,16%,4,"Construction,Fashion,General,Retail",,,
eleventh.photography,available,62,5%,8,Mathematics,,,
exculpated.photography,available,62,1%,10,"Humanities,Law,Politics",,,
ensuant.photography,available,62,1%,7,"Healthcare,Insurance,Transportation",,,
activation.photography,available,62,16%,10,"Healthcare,Manufacturing,Technology",,,
admissible.photography,available,62,1%,10,"Education,Healthcare,Law",,,
aborigine.photography,available,62,1%,9,Humanities,,,
quartet.photography,available,62,7%,7,"Arts,Entertainment",,,
activistic.photography,available,62,1%,10,"Humanities,Politics",,,
acidic.photography,available,62,5%,6,"Food and Beverage,Science",,,
playacting.photography,available,62,1%,10,Entertainment,,,
wrapped.photography,available,62,13%,7,"Fashion,Hospitality,Retail",,,
sixteenth.photography,available,62,1%,9,Mathematics,,,
adoptive.photography,available,62,1%,8,"Education,Healthcare",,,
cumulative.photography,available,62,2%,10,"Banking,Finance,Insurance",,,
adjuvant.photography,available,62,5%,8,"Healthcare,Manufacturing,Technology",,,
eighteenth.photography,available,62,1%,10,Mathematics,,,
twodozen.photography,available,62,1%,9,Mathematics,,,
longdozen.photography,available,62,1%,10,Mathematics,,,
pungent.photography,available,62,1%,7,Food and Beverage,,,
aufait.photography,available,62,3%,7,"Fashion,Media",,,
orso.photography,available,62,9%,5,"Business,Media,Technology",,,
fortyfour.photography,available,62,6%,10,Mathematics,,,
eightysix.photography,available,60,7%,10,Mathematics,,,
clxxv.photography,available,60,1%,5,Mathematics,,,
sixty.photography,available,60,13%,5,Mathematics,,,
annexal.photography,available,60,1%,7,"Agriculture,Manufacturing,Retail",,,
adnate.photography,available,60,1%,6,"Agriculture,Manufacturing,Retail",,,
abstainer.photography,available,60,0%,9,"Health and Fitness,Religion",,,
cxxv.photography,available,60,1%,4,Mathematics,,,
idolised.photography,available,60,1%,8,"Entertainment,Fashion,Retail",,,
cxl.photography,available,60,7%,3,Mathematics,,,
cxv.photography,available,60,4%,3,Mathematics,,,
adnexal.photography,available,60,1%,7,"Agriculture,Manufacturing,Retail",,,
clxx.photography,available,60,2%,4,Mathematics,,,
paunchy.photography,available,60,0%,7,"Health and Fitness,Medicine",,,
clx.photography,available,60,8%,3,Mathematics,,,
cxlv.photography,available,60,2%,4,Mathematics,,,
clxxx.photography,available,60,1%,5,Mathematics,,,
abashed.photography,available,60,1%,7,Humanities,,,
cxxxv.photography,available,60,1%,5,Mathematics,,,
clxv.photography,available,60,1%,4,Mathematics,,,
cxx.photography,available,60,9%,3,Mathematics,,,
acceptive.photography,available,60,1%,9,"Education,Healthcare",,,
abstemious.photography,available,60,0%,10,"Food and Beverage,Health and Fitness,Hospitality",,,
xcl.photography,available,60,5%,3,Mathematics,,,
thou.photography,available,60,7%,4,Mathematics,,,
cautionary.photography,available,60,1%,10,"Business,Education,Healthcare",,,
octet.photography,available,60,12%,5,Arts,,,
idolized.photography,available,60,3%,8,"Entertainment,Fashion,Retail",,,
aboveboard.photography,available,60,5%,10,"Business,Law",,,
tertiary.photography,available,60,4%,8,Education,,,
cxxx.photography,available,60,3%,4,Mathematics,,,
tercet.photography,available,59,2%,6,"Arts,Entertainment,Media",,,
linear.photography,available,58,22%,6,"Engineering,Mathematics,Science",,,
fifth.photography,available,58,12%,5,Mathematics,,,
pentad.photography,available,58,3%,6,Mathematics,,,
abused.photography,available,58,5%,6,"Healthcare,Law",,,
abuzz.photography,available,58,5%,5,"Entertainment,Media,Technology",,,
eighter.photography,available,58,2%,7,Mathematics,,,
niner.photography,available,58,5%,5,Mathematics,,,
accoutred.photography,available,58,1%,9,"Fashion,Manufacturing,Retail",,,
abridged.photography,available,58,4%,8,Media,,,
octad.photography,available,58,5%,5,Mathematics,,,
offhanded.photography,available,58,1%,9,Entertainment,,,
cypher.photography,available,58,28%,6,Mathematics,,,
ache.photography,available,58,7%,4,Healthcare,,,
hexad.photography,available,58,5%,5,Mathematics,,,
accented.photography,available,58,3%,8,"Arts,Entertainment",,,
twelfth.photography,available,58,2%,7,Mathematics,,,
acetic.photography,available,58,1%,6,"Food and Beverage,Science",,,
accretive.photography,available,58,6%,9,"Banking,Finance,Insurance",,,
fourth.photography,available,58,13%,6,Mathematics,,,
addible.photography,available,58,2%,7,"Engineering,Mathematics,Science",,,
centesimal.photography,available,58,1%,10,Mathematics,,,
heptad.photography,available,58,2%,6,Mathematics,,,
sixer.photography,available,58,5%,5,Sports,,,
adjustive.photography,available,58,1%,9,"Manufacturing,Retail,Technology",,,
actuarial.photography,available,58,8%,9,"Finance,Insurance,Mathematics",,,
sextuplet.photography,available,58,1%,9,Healthcare,,,
fourscore.photography,available,58,4%,9,Mathematics,,,
addressed.photography,available,58,3%,9,"Business,Technology,Telecommunications",,,
tetrad.photography,available,58,5%,6,Mathematics,,,
adient.photography,available,58,4%,6,"Medicine,Science",,,
quintet.photography,available,58,8%,7,"Arts,Entertainment",,,
seven.photography,available,58,35%,5,Mathematics,,,
seventy.photography,available,58,7%,7,Mathematics,,,
acyclic.photography,available,58,4%,7,"Engineering,Mathematics,Science",,,
enwrapped.photography,available,58,0%,9,"Entertainment,Fashion,Media",,,
lxxx.photography,available,58,2%,4,Mathematics,,,
aucourant.photography,available,58,3%,10,"Fashion,Media",,,
closeto.photography,available,58,3%,8,"Business,Media,Technology",,,
lxxviii.photography,available,58,1%,7,Mathematics,,,
alacarte.photography,available,58,11%,10,Food and Beverage,,,
fiftysix.photography,available,56,4%,9,Mathematics,,,
thirtyone.photography,available,56,4%,10,Mathematics,,,
admittible.photography,available,56,1%,10,"Education,Healthcare,Hospitality",,,
lii.photography,available,56,7%,3,Mathematics,,,
fortynine.photography,available,56,3%,10,Mathematics,,,
xxiii.photography,available,56,4%,5,Mathematics,,,
aone.photography,available,56,15%,5,Food and Beverage,,,
xxxi.photography,available,56,8%,4,Mathematics,,,
xlviii.photography,available,56,1%,6,Mathematics,,,
admissive.photography,available,56,1%,9,"Education,Healthcare,Hospitality",,,
fortytwo.photography,available,56,17%,9,Mathematics,,,
ilx.photography,available,56,6%,3,Mathematics,,,
xliii.photography,available,56,1%,5,Mathematics,,,
abeyant.photography,available,56,1%,7,"Business,Law",,,
xxxvii.photography,available,56,2%,6,Mathematics,,,
xliv.photography,available,56,3%,4,Mathematics,,,
xxxiv.photography,available,56,1%,5,Mathematics,,,
fiftytwo.photography,available,56,6%,9,Mathematics,,,
thirtysix.photography,available,56,5%,10,Mathematics,,,
xxiv.photography,available,56,5%,4,Mathematics,,,
xxxv.photography,available,56,4%,4,Mathematics,,,
lviii.photography,available,56,1%,5,Mathematics,,,
addled.photography,available,56,2%,6,Entertainment,,,
fiftyone.photography,available,56,8%,9,Mathematics,,,
fiftyfour.photography,available,56,4%,10,Mathematics,,,
potbellied.photography,available,56,0%,10,"Health and Fitness,Medicine",,,
liii.photography,available,56,4%,4,Mathematics,,,
lvii.photography,available,56,2%,4,Mathematics,,,
xxvii.photography,available,56,3%,5,Mathematics,,,
xxxii.photography,available,56,1%,5,Mathematics,,,
xli.photography,available,56,5%,3,Mathematics,,,
maledict.photography,available,56,1%,8,Religion,,,
fortyone.photography,available,56,5%,9,Mathematics,,,
lvi.photography,available,56,8%,3,Mathematics,,,
appressed.photography,available,56,0%,9,"Agriculture,Manufacturing,Retail",,,
xxviii.photography,available,56,1%,6,Mathematics,,,
xxix.photography,available,56,4%,4,Mathematics,,,
xlii.photography,available,56,5%,4,Mathematics,,,
fortysix.photography,available,56,4%,9,Mathematics,,,
xlvii.photography,available,56,2%,5,Mathematics,,,
xxxviii.photography,available,56,1%,7,Mathematics,,,
accoutered.photography,available,56,0%,10,"Fashion,Manufacturing,Retail",,,
admittable.photography,available,56,1%,10,"Education,Healthcare,Hospitality",,,
xlvi.photography,available,56,3%,4,Mathematics,,,
terzetto.photography,available,56,3%,8,Arts,,,
fiftyfive.photography,available,56,8%,10,Mathematics,,,
halfdozen.photography,available,56,1%,10,Mathematics,,,
xxxvi.photography,available,56,1%,5,Mathematics,,,
abdominous.photography,available,56,0%,10,"Health and Fitness,Medicine",,,
fiftynine.photography,available,56,4%,10,Mathematics,,,
xxxiii.photography,available,56,2%,6,Mathematics,,,
thirtytwo.photography,available,56,4%,10,Mathematics,,,
fin.photography,available,54,30%,3,Finance,,,
quintuplet.photography,available,54,1%,10,"Healthcare,Medicine,Science",,,
threescore.photography,available,54,2%,10,Mathematics,,,
unnatural.photography,available,54,4%,9,"Medicine,Science",,,
abducens.photography,available,54,1%,8,Medicine,,,
actuated.photography,available,54,2%,8,"Automotive,Manufacturing,Technology",,,
abient.photography,available,54,1%,6,Science,,,
deuceace.photography,available,54,1%,9,Sports,,,
adpressed.photography,available,54,0%,9,"Agriculture,Manufacturing,Retail",,,
adducting.photography,available,54,1%,9,"Engineering,Mathematics,Science",,,
admonitory.photography,available,54,0%,10,"Business,Education,Healthcare",,,
quadruplet.photography,available,54,1%,10,"Healthcare,Medicine,Science",,,
adaxial.photography,available,54,2%,7,Science,,,
abhorrent.photography,available,54,1%,9,Humanities,,,
vii.photography,available,54,13%,3,Mathematics,,,
achy.photography,available,54,3%,4,Healthcare,,,
abatic.photography,available,54,1%,6,Science,,,
sise.photography,available,54,5%,4,Mathematics,,,
monitory.photography,available,54,3%,8,"Business,Education,Healthcare",,,
ternion.photography,available,54,3%,7,Mathematics,,,
quaternity.photography,available,54,4%,10,Mathematics,,,
quatern.photography,available,54,2%,7,Mathematics,,,
abaxial.photography,available,54,1%,7,Science,,,
adducent.photography,available,54,1%,8,"Engineering,Mathematics,Science",,,
aboral.photography,available,54,2%,6,Science,,,
quaternion.photography,available,54,6%,10,Mathematics,,,
adjuratory.photography,available,54,0%,10,"Law,Politics,Religion",,,
accentual.photography,available,54,3%,9,"Arts,Entertainment",,,
twoscore.photography,available,54,2%,8,Mathematics,,,
scratchy.photography,available,54,3%,8,Fashion,,,
topnotch.photography,available,54,18%,8,Business,,,
acoustical.photography,available,54,4%,10,Science,,,
adductive.photography,available,54,0%,9,"Engineering,Mathematics,Science",,,
iii.photography,available,54,24%,3,Mathematics,,,
accursed.photography,available,54,3%,8,"Entertainment,Media,Religion",,,
abatable.photography,available,54,1%,8,Law,,,
abasic.photography,available,54,1%,6,Science,,,
fortyfive.photography,available,54,5%,10,Mathematics,,,
septet.photography,available,53,1%,6,General,,,
sestet.photography,available,53,1%,6,Arts,,,
abstruse.photography,available,52,5%,8,"Humanities,Mathematics,Science",,,
lxxiii.photography,available,52,2%,6,Mathematics,,,
lxv.photography,available,52,5%,3,Mathematics,,,
lxviii.photography,available,52,2%,6,Mathematics,,,
eightytwo.photography,available,52,4%,10,Mathematics,,,
sixtyfour.photography,available,52,4%,10,Mathematics,,,
sixtytwo.photography,available,52,3%,9,Mathematics,,,
eightyone.photography,available,52,3%,10,Mathematics,,,
ixl.photography,available,52,9%,3,Mathematics,,,
littlejoe.photography,available,52,2%,10,"Entertainment,Media",,,
lxi.photography,available,52,5%,3,Mathematics,,,
lxxxvi.photography,available,52,1%,6,Mathematics,,,
ninetytwo.photography,available,52,4%,10,Mathematics,,,
adenoidal.photography,available,52,1%,9,"Health and Fitness,Medicine,Science",,,
lxii.photography,available,52,2%,4,Mathematics,,,
sixtysix.photography,available,52,5%,9,Mathematics,,,
lxiv.photography,available,52,3%,4,Mathematics,,,
lxvii.photography,available,52,1%,5,Mathematics,,,
lxxxi.photography,available,52,1%,5,Mathematics,,,
lxxi.photography,available,52,2%,4,Mathematics,,,
lxxxiii.photography,available,52,1%,7,Mathematics,,,
repugnant.photography,available,52,1%,9,Humanities,,,
xciv.photography,available,52,2%,4,Mathematics,,,
lxvi.photography,available,52,3%,4,Mathematics,,,
decumbent.photography,available,52,1%,9,"Healthcare,Medicine,Science",,,
lxxxv.photography,available,52,1%,5,Mathematics,,,
xcviii.photography,available,52,1%,6,Mathematics,,,
lxxxii.photography,available,52,1%,6,Mathematics,,,
repulsive.photography,available,52,1%,9,Humanities,,,
abominable.photography,available,52,2%,10,"Entertainment,Humanities",,,
lxxv.photography,available,52,2%,4,Mathematics,,,
xcii.photography,available,52,2%,4,Mathematics,,,
odious.photography,available,52,2%,6,"Entertainment,Humanities",,,
ablated.photography,available,52,1%,7,Science,,,
lxxiv.photography,available,52,1%,5,Mathematics,,,
xcv.photography,available,52,7%,3,Mathematics,,,
xciii.photography,available,52,1%,5,Mathematics,,,
lxxvi.photography,available,52,1%,5,Mathematics,,,
ninetyone.photography,available,52,5%,10,Mathematics,,,
lxxii.photography,available,52,1%,5,Mathematics,,,
ninetysix.photography,available,52,4%,10,Mathematics,,,
lxxxiv.photography,available,52,1%,6,Mathematics,,,
lxiii.photography,available,52,2%,5,Mathematics,,,
chagrined.photography,available,52,1%,9,Humanities,,,
xci.photography,available,52,4%,3,Mathematics,,,
xcvii.photography,available,52,1%,5,Mathematics,,,
lxxvii.photography,available,52,2%,6,Mathematics,,,
uphill.photography,available,52,7%,6,"Sports,Transportation,Travel",,,
aboulic.photography,available,52,1%,7,Medicine,,,
abysmal.photography,available,52,4%,7,"Arts,Entertainment,Media",,,
sixtyfive.photography,available,52,3%,10,Mathematics,,,
lxxxvii.photography,available,52,1%,7,Mathematics,,,
detestable.photography,available,52,1%,10,Humanities,,,
xcvi.photography,available,52,2%,4,Mathematics,,,
ixc.photography,available,52,5%,3,Mathematics,,,
tierce.photography,available,52,3%,6,General,,,
abusive.photography,available,52,3%,7,"Healthcare,Law",,,
acetous.photography,available,50,1%,7,Science,,,
vinegary.photography,available,50,1%,8,Food and Beverage,,,
acerose.photography,available,50,1%,7,Science,,,
trine.photography,available,50,11%,5,"General,Religion",,,
acetose.photography,available,50,1%,7,Science,,,
adactylous.photography,available,50,0%,10,Science,,,
gillless.photography,available,50,0%,9,Science,,,
aborticide.photography,available,50,0%,10,Medicine,,,
scummy.photography,available,50,1%,6,Humanities,,,
abomasal.photography,available,50,0%,8,Agriculture,,,
triplet.photography,available,50,8%,7,Science,,,
broached.photography,available,50,0%,8,Food and Beverage,,,
needlelike.photography,available,50,0%,10,"Engineering,Medicine,Science",,,
acaudal.photography,available,50,1%,7,"Agriculture,Science",,,
abbatial.photography,available,50,0%,8,Religion,,,
aculeated.photography,available,50,0%,9,"Engineering,Medicine,Science",,,
acerbic.photography,available,50,2%,7,"Arts,Humanities,Media",,,
abdicable.photography,available,50,0%,9,Law,,,
adhominem.photography,available,50,2%,10,"Humanities,Law,Politics",,,
lxx.photography,available,50,5%,3,Mathematics,,,
spinous.photography,available,50,1%,7,"Agriculture,Science",,,
acquitted.photography,available,50,1%,9,Law,,,
abranchial.photography,available,50,0%,10,Science,,,
acerb.photography,available,50,2%,5,Science,,,
abducting.photography,available,50,0%,9,Medicine,,,
acellular.photography,available,50,1%,9,Science,,,
ogdoad.photography,available,50,1%,6,Mathematics,,,
acapnic.photography,available,50,0%,7,"Healthcare,Medicine,Science",,,
cinque.photography,available,50,7%,6,Mathematics,,,
acapnotic.photography,available,50,0%,9,"Healthcare,Medicine,Science",,,
abactinal.photography,available,50,0%,9,Science,,,
quint.photography,available,50,13%,5,"Arts,Entertainment",,,
abstracted.photography,available,48,5%,10,"Arts,Humanities,Science",,,
apriori.photography,available,48,13%,8,Mathematics,,,
execrable.photography,available,48,0%,9,"Entertainment,Humanities",,,
abyssal.photography,available,48,12%,7,"Arts,Entertainment,Media",,,
ilxxx.photography,available,48,1%,5,Mathematics,,,
ilxx.photography,available,48,1%,4,Mathematics,,,
notguilty.photography,available,48,5%,10,Law,,,
lxxxviii.photography,available,48,1%,8,Mathematics,,,
acetylenic.photography,available,46,1%,10,Science,,,
acarpelous.photography,available,46,0%,10,"Agriculture,Science",,,
acetonic.photography,available,46,1%,8,Science,,,
acetylic.photography,available,46,1%,8,Science,,,
stemless.photography,available,46,2%,8,"Agriculture,Science",,,
theabsurd.photography,available,46,1%,10,"Arts,Entertainment,Media",,,
vinegarish.photography,available,46,1%,10,Food and Beverage,,,
stripling.photography,available,46,2%,9,"Education,Entertainment,Healthcare",,,
acheronian.photography,available,46,1%,10,Humanities,,,
acanthoid.photography,available,46,1%,9,"Agriculture,Science",,,
acanthotic.photography,available,46,0%,10,"Agriculture,Science",,,
acicular.photography,available,46,2%,8,Science,,,
achenial.photography,available,46,1%,8,Science,,,
acarpous.photography,available,46,0%,8,"Agriculture,Science",,,
acephalous.photography,available,46,1%,10,Science,,,
achromous.photography,available,46,1%,9,Science,,,
acanthous.photography,available,46,0%,9,"Agriculture,Science",,,
acetabular.photography,available,46,1%,10,Science,,,
cotyloid.photography,available,46,1%,8,Science,,,
quaternary.photography,available,46,3%,10,Mathematics,,,
acaudate.photography,available,46,1%,8,"Agriculture,Science",,,
acapnial.photography,available,46,0%,8,"Healthcare,Medicine,Science",,,
achromic.photography,available,46,2%,8,Science,,,
acherontic.photography,available,44,1%,10,Humanities,,,
cotyloidal.photography,available,44,1%,10,Science,,,
accusatory.photography,available,44,1%,10,Law,,,
abscessed.photography,available,41,0%,9,Healthcare,,,
phoebe.photography,available,41,14%,6,Science,,,
accurst.photography,available,40,1%,7,Religion,,,
accusive.photography,available,40,1%,8,Law,,,
scurrilous.photography,available,40,1%,10,"Entertainment,Media,Politics",,,